,Text,True Label,Prediction
0,"|LBR| Aber Deutschland wird Bunter und Bunter, mit verheerenden Folgen!",UNSURE,COMPLAIN
1,"Ich hab den Sibel Schick Schock, weil mich Sibel Schick schockt",SUSTAIN,ASSERT
2,Und das trotz so vieler Hashtags dieses Jahr.,UNSURE,ASSERT
3,|LBR| Die V√∂lker m√ºssen zeigen das sie diese Schei√ü Armutspolitik nicht mehr mit machen.,REQUEST,REQUIRE
4,Die Muppet-Show im Bundestag.,ASSERT,UNSURE
5,"kenn mich nicht aus, aber ich glaub da gibts schon cash wie sau",GUESS,UNSURE
6,bis ich nacher komme dann wird geb*****t,UNSURE,PREDICT
7,Nix √úberraschendes.,ASSERT,UNSURE
8,"Irgendein armes Arschlich wird als Bauernopfer vorgef√ºhrt, doch die Spitze der politischen Korruption, #VonderLeyen #CDU wird weiterhin, ungeschoren Ihr Unwesen treiben.",PREDICT,COMPLAIN
9,Nicht zu Hisbollah-T√§tschler @Polizei_nrw_ms,SUGGEST,ADDRESS
10,"Das ist leider schon bei der ersten Welle ""Zweiter-Weltkriegs-Shooter""vor 15 Jahren so gewesen.",COMPLAIN,ASSERT
11,#FCKCDU,COMPLAIN,OTHER
12,"|LBR| passt nicht ganz,",ASSERT,UNSURE
13,P√§derasten und Deutschlandfeinde.,COMPLAIN,ASSERT
14,Ein Konstrukt wie die BRD die nach dem Rosenthal Plan umgestaltet wird,UNSURE,ASSERT
15,"Aber Schuld sind nat√ºrlich immer die b√∂sen Wei√üen, die dort ackern,  damit √ºberhaupt etwas funktioniert.",COMPLAIN,ASSERT
16,"Das einzige, was diese Faktenchecks erreichen ist, dass sie diesen neofaschistischen Bullshit als relevant und diskussionsw√ºrdig adeln.",COMPLAIN,ASSERT
17,"Menschenrechte, Bla Bla Blubb",OTHER,ASSERT
18,"√Ñhm, Frage,",ASSERT,UNSURE
19,Du verkackter 0 Follower Troll.,COMPLAIN,UNSURE
20,dann musst du niemandem vorschreiben wo er hinzuschauen hat.,UNSURE,PREDICT
21,"(kein Deutscher muss bald mehr arbeiten),",PREDICT,ASSERT
22,|LBR| Daf√ºr bezahle ich gerne extra...!,ASSERT,SUGGEST
23,Diese Entwicklung innerhalb der SPD ist doch nicht das Ergebnis seit der letzten BTW.,EXCLUDED,ASSERT
24,"|LBR| Und Jutta, das ist doch nicht meine Meinung zum Kopftuch -",ASSERT,COMPLAIN
25,"Ich w√ºrde anderen Juden in MS raten, bei Bedarf lieber in andere Stadt zur Polizei zu fahren.",SUGGEST,ASSERT
26,klappt nixmehr,ASSERT,COMPLAIN
27,"Und dann nimmt das da daran Teil,",UNSURE,ASSERT
28,Diese Gr√ºne ist so weltfremd,ASSERT,COMPLAIN
29,|LBR| Faltencreme hat sie offenbar reichlich konsumiert.,GUESS,ASSERT
30,#KeinVergessen,REQUIRE,OTHER
31,"Ein solides fuck, entspricht nicht im entferntesten einem verbalen Rassismus, welcher in seiner materiellen Realit√§t t√§glich t√∂tetet,",ASSERT,UNSURE
32,"|LBR| Jaja, die Unabh√§ngigkeit des Staatsanwalts, muss gegen und f√ºr den mutma√ülichen ""T√§ter""ermitteln,",COMPLAIN,ASSERT
33,Und Grenzen todsicher machen!,UNSURE,REQUIRE
34,Hahaha!,REJOICE,COMPLAIN
35,#afdwegfegen,REQUIRE,OTHER
36,Das ist vor allem Schwachsinn.,UNSURE,COMPLAIN
37,"Ich √§rgere mich nur, dass Leute eine andere Ansicht als ich haben, weil ich sehr kluk bin)",COMPLAIN,ASSERT
38,"Warum kein deutsches Themenm√§rchen,",REQUEST,UNSURE
39,"Den grauen Himmel ist man gar nicht gewohnt,",ASSERT,COMPLAIN
40,Egal ob er sich die Z√§hne putzt oder nicht.,GUESS,ASSERT
41,Fett gepamperte Zugpferde s√§mtlicher arabischer Islamlobbys.,UNSURE,COMPLAIN
42,|LBR| Dieses Sozialsystem ist eines der schlechtesten √ºberhaupt.,COMPLAIN,ASSERT
43,dann h√§tten wir n√§mlich wieder nichts erfahren!,ASSERT,COMPLAIN
44,"|LBR| Ich sehe Israel als Enklave von Freiheit und Demokratie inmitten feindseliger archaischer Islamdiktaturen, mit absoluten Verteidigungsrecht, und die deutsche Subventionierung der Hamas f√ºr unterirdische Doppelmoral!",COMPLAIN,ASSERT
45,L√ºge...,UNSURE,COMPLAIN
46,"Wieder ein Beispiel f√ºr angeblichen ""Antikapitalismus""von Rechts ...",COMPLAIN,UNSURE
47,Richtig so,AGREE,UNSURE
48,"|LBR| Die linke,deutsch/islamische #Bundesregierung kann den #korantreuen #Moslems #IS #Hamas doch gleich den Schl√ºssel zu Deutschland √ºberreichen.",SUGGEST,COMPLAIN
49,Immer schon.,ASSERT,UNSURE
50,spielt Bildung keine Rolle....,REQUEST,ASSERT
51,"- aber wenn sie der Schariapartei entgegengesetzt wird, gerne doch!",UNSURE,SUGGEST
52,"momentan kriechen die #SS-Offiziere der #CDU und anderen Parteien, aus dem Merkel-regime, aus den tiefen der deutschen Kanalisationen des 3.Reiches auf.",COMPLAIN,ASSERT
53,Thread,ASSERT,UNSURE
54,Diese Gelbwestenkacke ist nicht politisch.,ASSERT,UNSURE
55,|LBR| BRD: Knast wegen Schwarzfahren,COMPLAIN,ASSERT
56,Africhinese.,ASSERT,UNSURE
57,"Man setzt lieber die eigene Bev√∂lkerung der Gefahr aus, Opfer eines Verbrechens zu werden, bevor man ausl√§ndische Straft√§ter abschieben mag.",COMPLAIN,ASSERT
58,ich glaub ich muss kotzen!,GUESS,COMPLAIN
59,|LBR| Sch√∂nen Freitag.,WISH,UNSURE
60,"keine l√§cherliche F√∂hnwelle √† la L√∂w,",ASSERT,COMPLAIN
61,"Wie auch das Video des BAMF was weiter f√ºr die Invasion, Asyl Missbrauch in der BRD wirbt...",COMPLAIN,ASSERT
62,"Aber immer auf die b√∂sen , b√∂sen Rechten schie√üen!",COMPLAIN,REQUIRE
63,Wenn ich das hochgestochene Dummgeschw√§tz von Cem üáπüá∑ h√∂re verstehe ich warum so viele die AFD w√§hlen,COMPLAIN,ASSERT
64,|LBR| Wie sagte die komische Kuh von den Gr√ºnen...und ich freu mich darauf....,UNSURE,REQUEST
65,"Europ√§ische Stra√üen sehen aus wie im Nahen Osten,",COMPLAIN,ASSERT
66,"Eine ""Sie""also...",ASSERT,UNSURE
67,we're not gonna agree.,UNSURE,ASSERT
68,Die gibt es zuhauf!,ASSERT,COMPLAIN
69,Schei√ü drauf,REQUIRE,COMPLAIN
70,Dann starben die gl√ºcklicherweise aus.,REJOICE,ASSERT
71,dann passts f√ºr den Staatsfunk wieder.,COMPLAIN,PREDICT
72,Haha.,REJOICE,COMPLAIN
73,"""Jugendwiderstand""= wohlstands√ºbers√§ttigte D√∂del mit Komplexen aufgrund Herkunft und ihrer Micro-Penisse.",COMPLAIN,ASSERT
74,"Wenn es wenigstens ekstatische Wonne w√§re, die zu h√∂ren ist.",WISH,COMPLAIN
75,"|LBR| Eigentlich eine Anmerkung, ein Gedanke zu einem anderen, genialen Tweet.",ASSERT,UNSURE
76,Ein Witz.,COMPLAIN,UNSURE
77,"einfach, sch√∂n.",REJOICE,COMPLAIN
78,R√ºcksichtslos.,ASSERT,COMPLAIN
79,Ist die Bl√∂d,REQUEST,UNSURE
80,Ja eben schei√ü #Humanismus,UNSURE,COMPLAIN
81,So ein Fr√ºchtchen.,ASSERT,UNSURE
82,|LBR| Alles andere ist Bullshit.,ASSERT,COMPLAIN
83,Ja!,AGREE,UNSURE
84,Gedanken zum Sonntag,ASSERT,UNSURE
85,ausserdem zeigt das die chats an ihr ottos,UNSURE,ASSERT
86,Der Staatsfunk hat halt einen politischen Auftrag.,UNSURE,ASSERT
87,"Die #EU steigt √ºber jede Frauen-und Kinderleiche, solange der Profit rollt!",ASSERT,COMPLAIN
88,"Wenn ich die bl√∂den SPD Weiber sehe, allesamt nach Anatolien entsenden.",REQUIRE,COMPLAIN
89,#seufz,COMPLAIN,OTHER
90,Wir leben in einem Irrenhaus.,COMPLAIN,ASSERT
91,"Ok, am√ºsant und sinnlos ...",UNSURE,COMPLAIN
92,|LBR| Leider funktioniert das nicht so.,EXCLUDED,ASSERT
93,".... die beide mehr Ahnung vom Nahost-Konflikt haben als das gesamte MENA-Watch-Troll-Team, das ein zionistischer Stahlbaron zum L√ºgen, Betr√ºgen und Verleumden durchf√ºttert...",ASSERT,COMPLAIN
94,Fast die H√§lfte der Stimmen f√ºr Merz ...,ASSERT,UNSURE
95,"|LBR| ""Bewerbung ist jetzt recht schei√üe geworden aber eingentlich schon besser als alles andere",ASSERT,COMPLAIN
96,"|LBR| Diese Hilflosigkeit in seinen Augen, sein zerschredderter Lebensentwurf f√ºr's Alter, alles Makulatur!",COMPLAIN,ASSERT
97,Schei√ü die Wand an.,UNSURE,COMPLAIN
98,geiler wirds heute nicht mehr,UNSURE,COMPLAIN
99,Die Linken Anarchisten sind Saboteure am Deutschen Volk und geh√∂ren in Umerziehungs-Lager.,COMPLAIN,ASSERT
100,n√ºtzt alles nix!,ASSERT,REQUIRE
101,the F√ºhrer is very amused...,ASSERT,COMPLAIN
102,"Na ja, Du als Moslem musst Juden ja hassen.",UNSURE,ASSERT
103,ohne dem geht es nicht.,UNSURE,ASSERT
104,Du bist als Muslima aber kein Ausdruck verschiedener Religionen.,EXCLUDED,ASSERT
105,Interview mit Ragdahd.,ASSERT,UNSURE
106,|LBR| Nicht nur die May auch das Deutsche Volk..,COMPLAIN,ASSERT
107,es traf ja nur die Nachbarn...,COMPLAIN,ASSERT
